{
  "browsers": [
    {
      "browser": "chrome",
      "os": "Windows 10",
      "versions": ["latest"]
    },
    {
      "browser": "firefox",
      "os": "Windows 10",
      "versions": ["latest"]
    },
    {
      "browser": "edge",
      "os": "Windows 10",
      "versions": ["latest"]
    }
  ],
  "run_settings": {
    "cypress_config_file": "./cypress-bs.json",
    "cypress-version": "9",
    "project_name": "Auth0 React SDK",
    "exclude": [],
    "parallels": "5",
    "npm_dependencies": {
      "typescript": "^4.6.3"
    },
    "package_config_options": {},
    "headless": true
  },
  "connection_settings": {
    "local": true,
    "local_mode": "always-on"
  },
  "disable_usage_reporting": false
}
